{"elapsed": 817.3137288093567, "timestamp": 1748813011.5988727, "music_track": 8, "music_position": 112.021}